Step,Pow-d - Test/Acc,Pow-d - Test/Acc__MIN,Pow-d - Test/Acc__MAX,GPFL - Test/Acc,GPFL - Test/Acc__MIN,GPFL - Test/Acc__MAX,FedCor - Test/Acc,FedCor - Test/Acc__MIN,FedCor - Test/Acc__MAX,Random - Test/Acc,Random - Test/Acc__MIN,Random - Test/Acc__MAX
0,0.3348,0.3348,0.3348,0.2807,0.2807,0.2807,0.185,0.185,0.185,0.1856,0.1856,0.1856
1,0.2923,0.2923,0.2923,0.2211,0.2211,0.2211,0.2109,0.2109,0.2109,0.2096,0.2096,0.2096
2,0.2403,0.2403,0.2403,0.3236,0.3236,0.3236,0.2,0.2,0.2,0.2,0.2,0.2
3,0.332,0.332,0.332,0.3154,0.3154,0.3154,0.2574,0.2574,0.2574,0.2557,0.2557,0.2557
4,0.3054,0.3054,0.3054,0.4707,0.4707,0.4707,0.2476,0.2476,0.2476,0.2464,0.2464,0.2464
5,0.3006,0.3006,0.3006,0.4517,0.4517,0.4517,0.2235,0.2235,0.2235,0.2219,0.2219,0.2219
6,0.2668,0.2668,0.2668,0.5015,0.5015,0.5015,0.2364,0.2364,0.2364,0.2341,0.2341,0.2341
7,0.3184,0.3184,0.3184,0.3446,0.3446,0.3446,0.2994,0.2994,0.2994,0.292,0.292,0.292
8,0.2114,0.2114,0.2114,0.3595,0.3595,0.3595,0.2847,0.2847,0.2847,0.2851,0.2851,0.2851
9,0.3253,0.3253,0.3253,0.4361,0.4361,0.4361,0.2636,0.2636,0.2636,0.2558,0.2558,0.2558
10,0.5427,0.5427,0.5427,0.5158,0.5158,0.5158,0.3386,0.3386,0.3386,0.3349,0.3349,0.3349
11,0.2476,0.2476,0.2476,0.5115,0.5115,0.5115,0.4462,0.4462,0.4462,0.4584,0.4584,0.4584
12,0.4682,0.4682,0.4682,0.4776,0.4776,0.4776,0.3708,0.3708,0.3708,0.3657,0.3657,0.3657
13,0.4883,0.4883,0.4883,0.4394,0.4394,0.4394,0.3352,0.3352,0.3352,0.3549,0.3549,0.3549
14,0.3807,0.3807,0.3807,0.5668,0.5668,0.5668,0.4795,0.4795,0.4795,0.4671,0.4671,0.4671
15,0.38,0.38,0.38,0.6075,0.6075,0.6075,0.2682,0.2682,0.2682,0.2694,0.2694,0.2694
16,0.3591,0.3591,0.3591,0.5609,0.5609,0.5609,0.5251,0.5251,0.5251,0.4449,0.4449,0.4449
17,0.5604,0.5604,0.5604,0.5644,0.5644,0.5644,0.5922,0.5922,0.5922,0.4339,0.4339,0.4339
18,0.3444,0.3444,0.3444,0.6762,0.6762,0.6762,0.5993,0.5993,0.5993,0.5256,0.5256,0.5256
19,0.4811,0.4811,0.4811,0.5002,0.5002,0.5002,0.622,0.622,0.622,0.408,0.408,0.408
20,0.5253,0.5253,0.5253,0.5164,0.5164,0.5164,0.6173,0.6173,0.6173,0.3794,0.3794,0.3794
21,0.2422,0.2422,0.2422,0.5427,0.5427,0.5427,0.6498,0.6498,0.6498,0.4436,0.4436,0.4436
22,0.4898,0.4898,0.4898,0.5501,0.5501,0.5501,0.6374,0.6374,0.6374,0.4904,0.4904,0.4904
23,0.5127,0.5127,0.5127,0.549,0.549,0.549,0.6327,0.6327,0.6327,0.4596,0.4596,0.4596
24,0.3935,0.3935,0.3935,0.5975,0.5975,0.5975,0.589,0.589,0.589,0.3312,0.3312,0.3312
25,0.6006,0.6006,0.6006,0.5937,0.5937,0.5937,0.657,0.657,0.657,0.424,0.424,0.424
26,0.5844,0.5844,0.5844,0.5782,0.5782,0.5782,0.661,0.661,0.661,0.3782,0.3782,0.3782
27,0.5118,0.5118,0.5118,0.5332,0.5332,0.5332,0.6579,0.6579,0.6579,0.5344,0.5344,0.5344
28,0.5559,0.5559,0.5559,0.623,0.623,0.623,0.5847,0.5847,0.5847,0.5085,0.5085,0.5085
29,0.5278,0.5278,0.5278,0.6217,0.6217,0.6217,0.6242,0.6242,0.6242,0.5604,0.5604,0.5604
30,0.5675,0.5675,0.5675,0.6045,0.6045,0.6045,0.6376,0.6376,0.6376,0.5781,0.5781,0.5781
31,0.5929,0.5929,0.5929,0.6805,0.6805,0.6805,0.6608,0.6608,0.6608,0.5091,0.5091,0.5091
32,0.4147,0.4147,0.4147,0.6559,0.6559,0.6559,0.6674,0.6674,0.6674,0.5614,0.5614,0.5614
33,0.5347,0.5347,0.5347,0.6722,0.6722,0.6722,0.6709,0.6709,0.6709,0.6038,0.6038,0.6038
34,0.5606,0.5606,0.5606,0.593,0.593,0.593,0.6537,0.6537,0.6537,0.6338,0.6338,0.6338
35,0.569,0.569,0.569,0.5803,0.5803,0.5803,0.6734,0.6734,0.6734,0.5421,0.5421,0.5421
36,0.5434,0.5434,0.5434,0.6382,0.6382,0.6382,0.5875,0.5875,0.5875,0.5854,0.5854,0.5854
37,0.6,0.6,0.6,0.6516,0.6516,0.6516,0.6199,0.6199,0.6199,0.5722,0.5722,0.5722
38,0.4814,0.4814,0.4814,0.6192,0.6192,0.6192,0.616,0.616,0.616,0.5914,0.5914,0.5914
39,0.563,0.563,0.563,0.6117,0.6117,0.6117,0.6638,0.6638,0.6638,0.6056,0.6056,0.6056
40,0.5841,0.5841,0.5841,0.6226,0.6226,0.6226,0.6727,0.6727,0.6727,0.6486,0.6486,0.6486
41,0.5054,0.5054,0.5054,0.5935,0.5935,0.5935,0.6756,0.6756,0.6756,0.6118,0.6118,0.6118
42,0.4732,0.4732,0.4732,0.6503,0.6503,0.6503,0.6711,0.6711,0.6711,0.6019,0.6019,0.6019
43,0.5402,0.5402,0.5402,0.6031,0.6031,0.6031,0.6805,0.6805,0.6805,0.6468,0.6468,0.6468
44,0.6029,0.6029,0.6029,0.6725,0.6725,0.6725,0.6818,0.6818,0.6818,0.5529,0.5529,0.5529
45,0.6247,0.6247,0.6247,0.672,0.672,0.672,0.6831,0.6831,0.6831,0.5726,0.5726,0.5726
46,0.5727,0.5727,0.5727,0.5949,0.5949,0.5949,0.6818,0.6818,0.6818,0.5789,0.5789,0.5789
47,0.5163,0.5163,0.5163,0.6484,0.6484,0.6484,0.6349,0.6349,0.6349,0.5675,0.5675,0.5675
48,0.4973,0.4973,0.4973,0.7059,0.7059,0.7059,0.6593,0.6593,0.6593,0.4303,0.4303,0.4303
49,0.5933,0.5933,0.5933,0.7222,0.7222,0.7222,0.5896,0.5896,0.5896,0.6027,0.6027,0.6027
50,0.5051,0.5051,0.5051,0.7258,0.7258,0.7258,0.6473,0.6473,0.6473,0.5899,0.5899,0.5899
51,0.5054,0.5054,0.5054,0.7237,0.7237,0.7237,0.6785,0.6785,0.6785,0.6067,0.6067,0.6067
52,0.575,0.575,0.575,0.7068,0.7068,0.7068,0.6797,0.6797,0.6797,0.5995,0.5995,0.5995
53,0.4836,0.4836,0.4836,0.7156,0.7156,0.7156,0.6879,0.6879,0.6879,0.5736,0.5736,0.5736
54,0.597,0.597,0.597,0.7031,0.7031,0.7031,0.6829,0.6829,0.6829,0.6099,0.6099,0.6099
55,0.6048,0.6048,0.6048,0.7335,0.7335,0.7335,0.6807,0.6807,0.6807,0.6067,0.6067,0.6067
56,0.6382,0.6382,0.6382,0.6999,0.6999,0.6999,0.6861,0.6861,0.6861,0.6165,0.6165,0.6165
57,0.5843,0.5843,0.5843,0.6663,0.6663,0.6663,0.6874,0.6874,0.6874,0.6096,0.6096,0.6096
58,0.538,0.538,0.538,0.6628,0.6628,0.6628,0.689,0.689,0.689,0.5954,0.5954,0.5954
59,0.5273,0.5273,0.5273,0.7606,0.7606,0.7606,0.6806,0.6806,0.6806,0.5802,0.5802,0.5802
60,0.5907,0.5907,0.5907,0.7119,0.7119,0.7119,0.6818,0.6818,0.6818,0.5859,0.5859,0.5859
61,0.5866,0.5866,0.5866,0.7378,0.7378,0.7378,0.6821,0.6821,0.6821,0.5587,0.5587,0.5587
62,0.6522,0.6522,0.6522,0.7236,0.7236,0.7236,0.6178,0.6178,0.6178,0.5438,0.5438,0.5438
63,0.5477,0.5477,0.5477,0.6848,0.6848,0.6848,0.6712,0.6712,0.6712,0.5644,0.5644,0.5644
64,0.6475,0.6475,0.6475,0.5548,0.5548,0.5548,0.681,0.681,0.681,0.5578,0.5578,0.5578
65,0.5436,0.5436,0.5436,0.5837,0.5837,0.5837,0.6551,0.6551,0.6551,0.5937,0.5937,0.5937
66,0.6268,0.6268,0.6268,0.5084,0.5084,0.5084,0.5793,0.5793,0.5793,0.5251,0.5251,0.5251
67,0.5679,0.5679,0.5679,0.6487,0.6487,0.6487,0.6323,0.6323,0.6323,0.5553,0.5553,0.5553
68,0.5017,0.5017,0.5017,0.6684,0.6684,0.6684,0.5837,0.5837,0.5837,0.5929,0.5929,0.5929
69,0.5615,0.5615,0.5615,0.659,0.659,0.659,0.6377,0.6377,0.6377,0.6513,0.6513,0.6513
70,0.6466,0.6466,0.6466,0.6592,0.6592,0.6592,0.6804,0.6804,0.6804,0.5315,0.5315,0.5315
71,0.638,0.638,0.638,0.6588,0.6588,0.6588,0.6872,0.6872,0.6872,0.6439,0.6439,0.6439
72,0.5326,0.5326,0.5326,0.7191,0.7191,0.7191,0.6944,0.6944,0.6944,0.472,0.472,0.472
73,0.6061,0.6061,0.6061,0.6759,0.6759,0.6759,0.6944,0.6944,0.6944,0.5018,0.5018,0.5018
74,0.5824,0.5824,0.5824,0.6879,0.6879,0.6879,0.6971,0.6971,0.6971,0.5378,0.5378,0.5378
75,0.7085,0.7085,0.7085,0.6496,0.6496,0.6496,0.6944,0.6944,0.6944,0.6097,0.6097,0.6097
76,0.6385,0.6385,0.6385,0.7428,0.7428,0.7428,0.6913,0.6913,0.6913,0.5634,0.5634,0.5634
77,0.6581,0.6581,0.6581,0.7088,0.7088,0.7088,0.6965,0.6965,0.6965,0.5852,0.5852,0.5852
78,0.5432,0.5432,0.5432,0.738,0.738,0.738,0.6866,0.6866,0.6866,0.5043,0.5043,0.5043
79,0.6302,0.6302,0.6302,0.7209,0.7209,0.7209,0.6624,0.6624,0.6624,0.5289,0.5289,0.5289
80,0.5734,0.5734,0.5734,0.6742,0.6742,0.6742,0.6836,0.6836,0.6836,0.6479,0.6479,0.6479
81,0.5375,0.5375,0.5375,0.7677,0.7677,0.7677,0.6343,0.6343,0.6343,0.5889,0.5889,0.5889
82,0.5677,0.5677,0.5677,0.7619,0.7619,0.7619,0.5536,0.5536,0.5536,0.554,0.554,0.554
83,0.4909,0.4909,0.4909,0.6243,0.6243,0.6243,0.6476,0.6476,0.6476,0.5515,0.5515,0.5515
84,0.552,0.552,0.552,0.6821,0.6821,0.6821,0.696,0.696,0.696,0.5102,0.5102,0.5102
85,0.5622,0.5622,0.5622,0.6122,0.6122,0.6122,0.6996,0.6996,0.6996,0.585,0.585,0.585
86,0.5336,0.5336,0.5336,0.6696,0.6696,0.6696,0.6934,0.6934,0.6934,0.6311,0.6311,0.6311
87,0.5467,0.5467,0.5467,0.6645,0.6645,0.6645,0.6914,0.6914,0.6914,0.6421,0.6421,0.6421
88,0.6663,0.6663,0.6663,0.6612,0.6612,0.6612,0.6794,0.6794,0.6794,0.6069,0.6069,0.6069
89,0.5956,0.5956,0.5956,0.5453,0.5453,0.5453,0.6924,0.6924,0.6924,0.5764,0.5764,0.5764
90,0.6538,0.6538,0.6538,0.7278,0.7278,0.7278,0.6649,0.6649,0.6649,0.6036,0.6036,0.6036
91,0.6377,0.6377,0.6377,0.7065,0.7065,0.7065,0.6812,0.6812,0.6812,0.6641,0.6641,0.6641
92,0.6154,0.6154,0.6154,0.7232,0.7232,0.7232,0.696,0.696,0.696,0.6288,0.6288,0.6288
93,0.5788,0.5788,0.5788,0.7098,0.7098,0.7098,0.6925,0.6925,0.6925,0.5829,0.5829,0.5829
94,0.5691,0.5691,0.5691,0.7577,0.7577,0.7577,0.676,0.676,0.676,0.6257,0.6257,0.6257
95,0.6405,0.6405,0.6405,0.6874,0.6874,0.6874,0.6549,0.6549,0.6549,0.5624,0.5624,0.5624
96,0.5892,0.5892,0.5892,0.583,0.583,0.583,0.69,0.69,0.69,0.5879,0.5879,0.5879
97,0.5701,0.5701,0.5701,0.6698,0.6698,0.6698,0.6942,0.6942,0.6942,0.5393,0.5393,0.5393
98,0.4746,0.4746,0.4746,0.6613,0.6613,0.6613,0.6942,0.6942,0.6942,0.6127,0.6127,0.6127
99,0.5616,0.5616,0.5616,0.7616,0.7616,0.7616,0.6145,0.6145,0.6145,0.6734,0.6734,0.6734
100,0.593,0.593,0.593,0.7405,0.7405,0.7405,0.5824,0.5824,0.5824,0.5753,0.5753,0.5753
101,0.6065,0.6065,0.6065,0.6734,0.6734,0.6734,0.5541,0.5541,0.5541,0.6118,0.6118,0.6118
102,0.6566,0.6566,0.6566,0.7025,0.7025,0.7025,0.6722,0.6722,0.6722,0.577,0.577,0.577
103,0.6126,0.6126,0.6126,0.6634,0.6634,0.6634,0.7037,0.7037,0.7037,0.5681,0.5681,0.5681
104,0.5725,0.5725,0.5725,0.7167,0.7167,0.7167,0.6985,0.6985,0.6985,0.5754,0.5754,0.5754
105,0.6117,0.6117,0.6117,0.7229,0.7229,0.7229,0.6926,0.6926,0.6926,0.5877,0.5877,0.5877
106,0.4812,0.4812,0.4812,0.7177,0.7177,0.7177,0.6185,0.6185,0.6185,0.5745,0.5745,0.5745
107,0.5016,0.5016,0.5016,0.7076,0.7076,0.7076,0.659,0.659,0.659,0.6633,0.6633,0.6633
108,0.6483,0.6483,0.6483,0.7514,0.7514,0.7514,0.6628,0.6628,0.6628,0.5083,0.5083,0.5083
109,0.5307,0.5307,0.5307,0.7401,0.7401,0.7401,0.6739,0.6739,0.6739,0.4425,0.4425,0.4425
110,0.6207,0.6207,0.6207,0.7441,0.7441,0.7441,0.5999,0.5999,0.5999,0.6458,0.6458,0.6458
111,0.6027,0.6027,0.6027,0.7212,0.7212,0.7212,0.6689,0.6689,0.6689,0.4659,0.4659,0.4659
112,0.6033,0.6033,0.6033,0.6881,0.6881,0.6881,0.6054,0.6054,0.6054,0.5342,0.5342,0.5342
113,0.5708,0.5708,0.5708,0.7458,0.7458,0.7458,0.67,0.67,0.67,0.591,0.591,0.591
114,0.6075,0.6075,0.6075,0.744,0.744,0.744,0.6841,0.6841,0.6841,0.5074,0.5074,0.5074
115,0.5346,0.5346,0.5346,0.6195,0.6195,0.6195,0.5371,0.5371,0.5371,0.6209,0.6209,0.6209
116,0.5739,0.5739,0.5739,0.5916,0.5916,0.5916,0.6137,0.6137,0.6137,0.68,0.68,0.68
117,0.4976,0.4976,0.4976,0.7263,0.7263,0.7263,0.6385,0.6385,0.6385,0.5759,0.5759,0.5759
118,0.5888,0.5888,0.5888,0.7126,0.7126,0.7126,0.6569,0.6569,0.6569,0.6418,0.6418,0.6418
119,0.5443,0.5443,0.5443,0.6425,0.6425,0.6425,0.6698,0.6698,0.6698,0.581,0.581,0.581
120,0.5445,0.5445,0.5445,0.739,0.739,0.739,0.6481,0.6481,0.6481,0.656,0.656,0.656
121,0.5563,0.5563,0.5563,0.7074,0.7074,0.7074,0.6485,0.6485,0.6485,0.5629,0.5629,0.5629
122,0.5127,0.5127,0.5127,0.6731,0.6731,0.6731,0.6676,0.6676,0.6676,0.5709,0.5709,0.5709
123,0.4942,0.4942,0.4942,0.6552,0.6552,0.6552,0.6929,0.6929,0.6929,0.5838,0.5838,0.5838
124,0.5786,0.5786,0.5786,0.7668,0.7668,0.7668,0.6228,0.6228,0.6228,0.6121,0.6121,0.6121
125,0.5262,0.5262,0.5262,0.7699,0.7699,0.7699,0.6563,0.6563,0.6563,0.6448,0.6448,0.6448
126,0.6225,0.6225,0.6225,0.7689,0.7689,0.7689,0.6412,0.6412,0.6412,0.6498,0.6498,0.6498
127,0.4319,0.4319,0.4319,0.766,0.766,0.766,0.6592,0.6592,0.6592,0.5238,0.5238,0.5238
128,0.5782,0.5782,0.5782,0.7265,0.7265,0.7265,0.6751,0.6751,0.6751,0.6561,0.6561,0.6561
129,0.5147,0.5147,0.5147,0.7507,0.7507,0.7507,0.6926,0.6926,0.6926,0.5761,0.5761,0.5761
130,0.6415,0.6415,0.6415,0.7082,0.7082,0.7082,0.7012,0.7012,0.7012,0.6527,0.6527,0.6527
131,0.6589,0.6589,0.6589,0.748,0.748,0.748,0.6268,0.6268,0.6268,0.5264,0.5264,0.5264
132,0.5701,0.5701,0.5701,0.7025,0.7025,0.7025,0.5923,0.5923,0.5923,0.6569,0.6569,0.6569
133,0.6248,0.6248,0.6248,0.6771,0.6771,0.6771,0.6324,0.6324,0.6324,0.5886,0.5886,0.5886
134,0.5761,0.5761,0.5761,0.7512,0.7512,0.7512,0.6456,0.6456,0.6456,0.4833,0.4833,0.4833
135,0.5896,0.5896,0.5896,0.726,0.726,0.726,0.662,0.662,0.662,0.4826,0.4826,0.4826
136,0.6075,0.6075,0.6075,0.748,0.748,0.748,0.6983,0.6983,0.6983,0.5138,0.5138,0.5138
137,0.5977,0.5977,0.5977,0.7197,0.7197,0.7197,0.7101,0.7101,0.7101,0.6099,0.6099,0.6099
138,0.6219,0.6219,0.6219,0.7389,0.7389,0.7389,0.6408,0.6408,0.6408,0.5323,0.5323,0.5323
139,0.6055,0.6055,0.6055,0.7489,0.7489,0.7489,0.6054,0.6054,0.6054,0.6404,0.6404,0.6404
140,0.5452,0.5452,0.5452,0.7535,0.7535,0.7535,0.5662,0.5662,0.5662,0.5934,0.5934,0.5934
141,0.656,0.656,0.656,0.7546,0.7546,0.7546,0.6174,0.6174,0.6174,0.6215,0.6215,0.6215
142,0.5085,0.5085,0.5085,0.755,0.755,0.755,0.588,0.588,0.588,0.6412,0.6412,0.6412
143,0.5518,0.5518,0.5518,0.7538,0.7538,0.7538,0.6496,0.6496,0.6496,0.6628,0.6628,0.6628
144,0.5923,0.5923,0.5923,0.753,0.753,0.753,0.6503,0.6503,0.6503,0.5541,0.5541,0.5541
145,0.5617,0.5617,0.5617,0.7077,0.7077,0.7077,0.6316,0.6316,0.6316,0.4948,0.4948,0.4948
146,0.6231,0.6231,0.6231,0.6942,0.6942,0.6942,0.5739,0.5739,0.5739,0.5395,0.5395,0.5395
147,0.6359,0.6359,0.6359,0.7677,0.7677,0.7677,0.6668,0.6668,0.6668,0.629,0.629,0.629
148,0.6508,0.6508,0.6508,0.7658,0.7658,0.7658,0.7089,0.7089,0.7089,0.5906,0.5906,0.5906
149,0.643,0.643,0.643,0.6967,0.6967,0.6967,0.6982,0.6982,0.6982,0.6497,0.6497,0.6497
150,0.5999,0.5999,0.5999,0.6265,0.6265,0.6265,0.6774,0.6774,0.6774,0.6267,0.6267,0.6267
151,0.5998,0.5998,0.5998,0.7585,0.7585,0.7585,0.6708,0.6708,0.6708,0.584,0.584,0.584
152,0.5972,0.5972,0.5972,0.7741,0.7741,0.7741,0.6832,0.6832,0.6832,0.5902,0.5902,0.5902
153,0.5148,0.5148,0.5148,0.7646,0.7646,0.7646,0.6743,0.6743,0.6743,0.6398,0.6398,0.6398
154,0.6212,0.6212,0.6212,0.7538,0.7538,0.7538,0.6897,0.6897,0.6897,0.6599,0.6599,0.6599
155,0.5602,0.5602,0.5602,0.6382,0.6382,0.6382,0.6945,0.6945,0.6945,0.6056,0.6056,0.6056
156,0.5946,0.5946,0.5946,0.6539,0.6539,0.6539,0.6937,0.6937,0.6937,0.5583,0.5583,0.5583
157,0.5758,0.5758,0.5758,0.6482,0.6482,0.6482,0.6995,0.6995,0.6995,0.6586,0.6586,0.6586
158,0.5972,0.5972,0.5972,0.6778,0.6778,0.6778,0.7057,0.7057,0.7057,0.6204,0.6204,0.6204
159,0.552,0.552,0.552,0.6814,0.6814,0.6814,0.7,0.7,0.7,0.6515,0.6515,0.6515
160,0.6342,0.6342,0.6342,0.6643,0.6643,0.6643,0.6941,0.6941,0.6941,0.6008,0.6008,0.6008
161,0.4886,0.4886,0.4886,0.7065,0.7065,0.7065,0.6805,0.6805,0.6805,0.6785,0.6785,0.6785
162,0.646,0.646,0.646,0.6715,0.6715,0.6715,0.6737,0.6737,0.6737,0.6163,0.6163,0.6163
163,0.6243,0.6243,0.6243,0.7264,0.7264,0.7264,0.6843,0.6843,0.6843,0.6346,0.6346,0.6346
164,0.6448,0.6448,0.6448,0.7046,0.7046,0.7046,0.6845,0.6845,0.6845,0.5802,0.5802,0.5802
165,0.6249,0.6249,0.6249,0.7778,0.7778,0.7778,0.688,0.688,0.688,0.5393,0.5393,0.5393
166,0.6299,0.6299,0.6299,0.739,0.739,0.739,0.6891,0.6891,0.6891,0.5907,0.5907,0.5907
167,0.6468,0.6468,0.6468,0.7322,0.7322,0.7322,0.6747,0.6747,0.6747,0.5651,0.5651,0.5651
168,0.6301,0.6301,0.6301,0.7369,0.7369,0.7369,0.6659,0.6659,0.6659,0.546,0.546,0.546
169,0.6302,0.6302,0.6302,0.7332,0.7332,0.7332,0.6682,0.6682,0.6682,0.5493,0.5493,0.5493
170,0.4476,0.4476,0.4476,0.7052,0.7052,0.7052,0.6678,0.6678,0.6678,0.5483,0.5483,0.5483
171,0.598,0.598,0.598,0.66,0.66,0.66,0.691,0.691,0.691,0.6293,0.6293,0.6293
172,0.6152,0.6152,0.6152,0.7815,0.7815,0.7815,0.6989,0.6989,0.6989,0.634,0.634,0.634
173,0.542,0.542,0.542,0.7454,0.7454,0.7454,0.6922,0.6922,0.6922,0.6181,0.6181,0.6181
174,0.6231,0.6231,0.6231,0.7085,0.7085,0.7085,0.6848,0.6848,0.6848,0.6225,0.6225,0.6225
175,0.4995,0.4995,0.4995,0.7274,0.7274,0.7274,0.6833,0.6833,0.6833,0.5656,0.5656,0.5656
176,0.5822,0.5822,0.5822,0.7262,0.7262,0.7262,0.6561,0.6561,0.6561,0.5765,0.5765,0.5765
177,0.6254,0.6254,0.6254,0.7699,0.7699,0.7699,0.6991,0.6991,0.6991,0.5755,0.5755,0.5755
178,0.6768,0.6768,0.6768,0.7512,0.7512,0.7512,0.7191,0.7191,0.7191,0.591,0.591,0.591
179,0.6911,0.6911,0.6911,0.7775,0.7775,0.7775,0.6841,0.6841,0.6841,0.6093,0.6093,0.6093
180,0.6261,0.6261,0.6261,0.7731,0.7731,0.7731,0.675,0.675,0.675,0.6649,0.6649,0.6649
181,0.653,0.653,0.653,0.7554,0.7554,0.7554,0.6955,0.6955,0.6955,0.5147,0.5147,0.5147
182,0.5914,0.5914,0.5914,0.7651,0.7651,0.7651,0.7047,0.7047,0.7047,0.5956,0.5956,0.5956
183,0.5773,0.5773,0.5773,0.7503,0.7503,0.7503,0.6672,0.6672,0.6672,0.6577,0.6577,0.6577
184,0.5398,0.5398,0.5398,0.7426,0.7426,0.7426,0.672,0.672,0.672,0.6385,0.6385,0.6385
185,0.5272,0.5272,0.5272,0.7821,0.7821,0.7821,0.6717,0.6717,0.6717,0.5742,0.5742,0.5742
186,0.6176,0.6176,0.6176,0.7686,0.7686,0.7686,0.7044,0.7044,0.7044,0.6503,0.6503,0.6503
187,0.6273,0.6273,0.6273,0.7474,0.7474,0.7474,0.6544,0.6544,0.6544,0.619,0.619,0.619
188,0.5546,0.5546,0.5546,0.7356,0.7356,0.7356,0.6849,0.6849,0.6849,0.5494,0.5494,0.5494
189,0.5734,0.5734,0.5734,0.7226,0.7226,0.7226,0.6972,0.6972,0.6972,0.5949,0.5949,0.5949
190,0.5846,0.5846,0.5846,0.7164,0.7164,0.7164,0.6703,0.6703,0.6703,0.6574,0.6574,0.6574
191,0.614,0.614,0.614,0.7293,0.7293,0.7293,0.6849,0.6849,0.6849,0.6203,0.6203,0.6203
192,0.6259,0.6259,0.6259,0.6334,0.6334,0.6334,0.7093,0.7093,0.7093,0.6499,0.6499,0.6499
193,0.6515,0.6515,0.6515,0.5886,0.5886,0.5886,0.6833,0.6833,0.6833,0.6202,0.6202,0.6202
194,0.5544,0.5544,0.5544,0.7639,0.7639,0.7639,0.6855,0.6855,0.6855,0.6203,0.6203,0.6203
195,0.5377,0.5377,0.5377,0.796,0.796,0.796,0.6383,0.6383,0.6383,0.5548,0.5548,0.5548
196,0.5502,0.5502,0.5502,0.7948,0.7948,0.7948,0.6257,0.6257,0.6257,0.5407,0.5407,0.5407
197,0.6238,0.6238,0.6238,0.7781,0.7781,0.7781,0.6947,0.6947,0.6947,0.5556,0.5556,0.5556
198,0.5381,0.5381,0.5381,0.7535,0.7535,0.7535,0.681,0.681,0.681,0.5316,0.5316,0.5316
199,0.5583,0.5583,0.5583,0.744,0.744,0.744,0.659,0.659,0.659,0.5408,0.5408,0.5408
200,0.5858,0.5858,0.5858,0.7706,0.7706,0.7706,0.6902,0.6902,0.6902,0.5197,0.5197,0.5197
201,0.6553,0.6553,0.6553,0.7481,0.7481,0.7481,0.6883,0.6883,0.6883,0.5962,0.5962,0.5962
202,0.503,0.503,0.503,0.7279,0.7279,0.7279,0.6998,0.6998,0.6998,0.5101,0.5101,0.5101
203,0.578,0.578,0.578,0.7568,0.7568,0.7568,0.6707,0.6707,0.6707,0.613,0.613,0.613
204,0.5954,0.5954,0.5954,0.7304,0.7304,0.7304,0.6795,0.6795,0.6795,0.5945,0.5945,0.5945
205,0.5927,0.5927,0.5927,0.6884,0.6884,0.6884,0.6992,0.6992,0.6992,0.5956,0.5956,0.5956
206,0.5587,0.5587,0.5587,0.6904,0.6904,0.6904,0.6609,0.6609,0.6609,0.638,0.638,0.638
207,0.6029,0.6029,0.6029,0.6639,0.6639,0.6639,0.5951,0.5951,0.5951,0.4855,0.4855,0.4855
208,0.6056,0.6056,0.6056,0.7375,0.7375,0.7375,0.6647,0.6647,0.6647,0.598,0.598,0.598
209,0.5451,0.5451,0.5451,0.7226,0.7226,0.7226,0.6666,0.6666,0.6666,0.5588,0.5588,0.5588
210,0.5301,0.5301,0.5301,0.7074,0.7074,0.7074,0.6935,0.6935,0.6935,0.6552,0.6552,0.6552
211,0.6159,0.6159,0.6159,0.7365,0.7365,0.7365,0.7039,0.7039,0.7039,0.602,0.602,0.602
212,0.5659,0.5659,0.5659,0.691,0.691,0.691,0.7112,0.7112,0.7112,0.603,0.603,0.603
213,0.6213,0.6213,0.6213,0.706,0.706,0.706,0.7,0.7,0.7,0.5768,0.5768,0.5768
214,0.6533,0.6533,0.6533,0.6804,0.6804,0.6804,0.7012,0.7012,0.7012,0.5854,0.5854,0.5854
215,0.5403,0.5403,0.5403,0.776,0.776,0.776,0.712,0.712,0.712,0.5218,0.5218,0.5218
216,0.5662,0.5662,0.5662,0.7672,0.7672,0.7672,0.7127,0.7127,0.7127,0.5939,0.5939,0.5939
217,0.5569,0.5569,0.5569,0.7587,0.7587,0.7587,0.7057,0.7057,0.7057,0.6836,0.6836,0.6836
218,0.6969,0.6969,0.6969,0.7514,0.7514,0.7514,0.6734,0.6734,0.6734,0.5625,0.5625,0.5625
219,0.5647,0.5647,0.5647,0.806,0.806,0.806,0.6705,0.6705,0.6705,0.5778,0.5778,0.5778
220,0.5911,0.5911,0.5911,0.7948,0.7948,0.7948,0.6958,0.6958,0.6958,0.5286,0.5286,0.5286
221,0.6106,0.6106,0.6106,0.732,0.732,0.732,0.6711,0.6711,0.6711,0.5419,0.5419,0.5419
222,0.6335,0.6335,0.6335,0.7197,0.7197,0.7197,0.697,0.697,0.697,0.6027,0.6027,0.6027
223,0.5677,0.5677,0.5677,0.743,0.743,0.743,0.7025,0.7025,0.7025,0.6078,0.6078,0.6078
224,0.5445,0.5445,0.5445,0.7651,0.7651,0.7651,0.7091,0.7091,0.7091,0.6353,0.6353,0.6353
225,0.629,0.629,0.629,0.7705,0.7705,0.7705,0.7154,0.7154,0.7154,0.6218,0.6218,0.6218
226,0.614,0.614,0.614,0.7734,0.7734,0.7734,0.6892,0.6892,0.6892,0.5572,0.5572,0.5572
227,0.6073,0.6073,0.6073,0.7686,0.7686,0.7686,0.5501,0.5501,0.5501,0.6407,0.6407,0.6407
228,0.6417,0.6417,0.6417,0.7624,0.7624,0.7624,0.6776,0.6776,0.6776,0.5552,0.5552,0.5552
229,0.6214,0.6214,0.6214,0.7849,0.7849,0.7849,0.7082,0.7082,0.7082,0.6192,0.6192,0.6192
230,0.5957,0.5957,0.5957,0.7858,0.7858,0.7858,0.7109,0.7109,0.7109,0.6486,0.6486,0.6486
231,0.6212,0.6212,0.6212,0.7565,0.7565,0.7565,0.7043,0.7043,0.7043,0.6116,0.6116,0.6116
232,0.5909,0.5909,0.5909,0.7262,0.7262,0.7262,0.6834,0.6834,0.6834,0.5087,0.5087,0.5087
233,0.563,0.563,0.563,0.7101,0.7101,0.7101,0.69,0.69,0.69,0.5278,0.5278,0.5278
234,0.5213,0.5213,0.5213,0.6954,0.6954,0.6954,0.6838,0.6838,0.6838,0.6279,0.6279,0.6279
235,0.6329,0.6329,0.6329,0.7297,0.7297,0.7297,0.673,0.673,0.673,0.533,0.533,0.533
236,0.6232,0.6232,0.6232,0.7142,0.7142,0.7142,0.71,0.71,0.71,0.575,0.575,0.575
237,0.512,0.512,0.512,0.6921,0.6921,0.6921,0.6842,0.6842,0.6842,0.4888,0.4888,0.4888
238,0.6756,0.6756,0.6756,0.7425,0.7425,0.7425,0.6982,0.6982,0.6982,0.516,0.516,0.516
239,0.6212,0.6212,0.6212,0.7305,0.7305,0.7305,0.7047,0.7047,0.7047,0.4992,0.4992,0.4992
240,0.5828,0.5828,0.5828,0.7044,0.7044,0.7044,0.6837,0.6837,0.6837,0.5591,0.5591,0.5591
241,0.549,0.549,0.549,0.7255,0.7255,0.7255,0.6873,0.6873,0.6873,0.6641,0.6641,0.6641
242,0.6637,0.6637,0.6637,0.6742,0.6742,0.6742,0.6852,0.6852,0.6852,0.5555,0.5555,0.5555
243,0.6687,0.6687,0.6687,0.6957,0.6957,0.6957,0.686,0.686,0.686,0.6303,0.6303,0.6303
244,0.6944,0.6944,0.6944,0.704,0.704,0.704,0.6854,0.6854,0.6854,0.6494,0.6494,0.6494
245,0.6101,0.6101,0.6101,0.7022,0.7022,0.7022,0.6971,0.6971,0.6971,0.5932,0.5932,0.5932
246,0.6077,0.6077,0.6077,0.7474,0.7474,0.7474,0.7002,0.7002,0.7002,0.5137,0.5137,0.5137
247,0.5959,0.5959,0.5959,0.7805,0.7805,0.7805,0.68,0.68,0.68,0.517,0.517,0.517
248,0.5992,0.5992,0.5992,0.7838,0.7838,0.7838,0.6803,0.6803,0.6803,0.6743,0.6743,0.6743
249,0.6327,0.6327,0.6327,0.7741,0.7741,0.7741,0.6907,0.6907,0.6907,0.5367,0.5367,0.5367
250,0.4961,0.4961,0.4961,0.741,0.741,0.741,0.6996,0.6996,0.6996,0.526,0.526,0.526
251,0.5776,0.5776,0.5776,0.7859,0.7859,0.7859,0.7077,0.7077,0.7077,0.5643,0.5643,0.5643
252,0.6324,0.6324,0.6324,0.7751,0.7751,0.7751,0.7078,0.7078,0.7078,0.6063,0.6063,0.6063
253,0.6929,0.6929,0.6929,0.7885,0.7885,0.7885,0.6862,0.6862,0.6862,0.5598,0.5598,0.5598
254,0.5931,0.5931,0.5931,0.7637,0.7637,0.7637,0.6687,0.6687,0.6687,0.6296,0.6296,0.6296
255,0.5117,0.5117,0.5117,0.7903,0.7903,0.7903,0.6753,0.6753,0.6753,0.6279,0.6279,0.6279
256,0.5644,0.5644,0.5644,0.7927,0.7927,0.7927,0.6864,0.6864,0.6864,0.5789,0.5789,0.5789
257,0.56,0.56,0.56,0.7903,0.7903,0.7903,0.6758,0.6758,0.6758,0.5722,0.5722,0.5722
258,0.6254,0.6254,0.6254,0.8094,0.8094,0.8094,0.6858,0.6858,0.6858,0.5596,0.5596,0.5596
259,0.6655,0.6655,0.6655,0.7877,0.7877,0.7877,0.6954,0.6954,0.6954,0.6024,0.6024,0.6024
260,0.6055,0.6055,0.6055,0.7911,0.7911,0.7911,0.7014,0.7014,0.7014,0.6587,0.6587,0.6587
261,0.5832,0.5832,0.5832,0.7749,0.7749,0.7749,0.7005,0.7005,0.7005,0.6007,0.6007,0.6007
262,0.6238,0.6238,0.6238,0.7814,0.7814,0.7814,0.7008,0.7008,0.7008,0.6745,0.6745,0.6745
263,0.6193,0.6193,0.6193,0.7641,0.7641,0.7641,0.647,0.647,0.647,0.6289,0.6289,0.6289
264,0.6262,0.6262,0.6262,0.7809,0.7809,0.7809,0.6669,0.6669,0.6669,0.6305,0.6305,0.6305
265,0.6688,0.6688,0.6688,0.7801,0.7801,0.7801,0.6764,0.6764,0.6764,0.5955,0.5955,0.5955
266,0.5791,0.5791,0.5791,0.7612,0.7612,0.7612,0.6859,0.6859,0.6859,0.6457,0.6457,0.6457
267,0.616,0.616,0.616,0.7971,0.7971,0.7971,0.6846,0.6846,0.6846,0.6163,0.6163,0.6163
268,0.5581,0.5581,0.5581,0.7552,0.7552,0.7552,0.6803,0.6803,0.6803,0.5975,0.5975,0.5975
269,0.5572,0.5572,0.5572,0.7863,0.7863,0.7863,0.6668,0.6668,0.6668,0.6236,0.6236,0.6236
270,0.5776,0.5776,0.5776,0.7769,0.7769,0.7769,0.6899,0.6899,0.6899,0.6351,0.6351,0.6351
271,0.6404,0.6404,0.6404,0.7484,0.7484,0.7484,0.6984,0.6984,0.6984,0.6392,0.6392,0.6392
272,0.4893,0.4893,0.4893,0.7524,0.7524,0.7524,0.7187,0.7187,0.7187,0.5991,0.5991,0.5991
273,0.6082,0.6082,0.6082,0.7522,0.7522,0.7522,0.6867,0.6867,0.6867,0.5636,0.5636,0.5636
274,0.5069,0.5069,0.5069,0.7333,0.7333,0.7333,0.6792,0.6792,0.6792,0.4516,0.4516,0.4516
275,0.6302,0.6302,0.6302,0.7251,0.7251,0.7251,0.6866,0.6866,0.6866,0.5411,0.5411,0.5411
276,0.6113,0.6113,0.6113,0.6675,0.6675,0.6675,0.6687,0.6687,0.6687,0.538,0.538,0.538
277,0.6284,0.6284,0.6284,0.6991,0.6991,0.6991,0.6918,0.6918,0.6918,0.6285,0.6285,0.6285
278,0.547,0.547,0.547,0.697,0.697,0.697,0.7001,0.7001,0.7001,0.5475,0.5475,0.5475
279,0.4417,0.4417,0.4417,0.74,0.74,0.74,0.7073,0.7073,0.7073,0.6042,0.6042,0.6042
280,0.6135,0.6135,0.6135,0.7601,0.7601,0.7601,0.6955,0.6955,0.6955,0.5993,0.5993,0.5993
281,0.679,0.679,0.679,0.7509,0.7509,0.7509,0.7081,0.7081,0.7081,0.5386,0.5386,0.5386
282,0.5197,0.5197,0.5197,0.7132,0.7132,0.7132,0.695,0.695,0.695,0.6428,0.6428,0.6428
283,0.5446,0.5446,0.5446,0.7678,0.7678,0.7678,0.7028,0.7028,0.7028,0.6264,0.6264,0.6264
284,0.5943,0.5943,0.5943,0.7865,0.7865,0.7865,0.6969,0.6969,0.6969,0.65,0.65,0.65
285,0.5584,0.5584,0.5584,0.7874,0.7874,0.7874,0.6789,0.6789,0.6789,0.6032,0.6032,0.6032
286,0.5881,0.5881,0.5881,0.7848,0.7848,0.7848,0.6546,0.6546,0.6546,0.6015,0.6015,0.6015
287,0.5331,0.5331,0.5331,0.7769,0.7769,0.7769,0.6825,0.6825,0.6825,0.6234,0.6234,0.6234
288,0.5592,0.5592,0.5592,0.7942,0.7942,0.7942,0.6627,0.6627,0.6627,0.6501,0.6501,0.6501
289,0.5995,0.5995,0.5995,0.7886,0.7886,0.7886,0.6947,0.6947,0.6947,0.6686,0.6686,0.6686
290,0.5371,0.5371,0.5371,0.7673,0.7673,0.7673,0.7035,0.7035,0.7035,0.6648,0.6648,0.6648
291,0.5314,0.5314,0.5314,0.7924,0.7924,0.7924,0.6822,0.6822,0.6822,0.6465,0.6465,0.6465
292,0.5336,0.5336,0.5336,0.7943,0.7943,0.7943,0.6799,0.6799,0.6799,0.6321,0.6321,0.6321
293,0.5726,0.5726,0.5726,0.7926,0.7926,0.7926,0.69,0.69,0.69,0.5765,0.5765,0.5765
294,0.6134,0.6134,0.6134,0.7929,0.7929,0.7929,0.6586,0.6586,0.6586,0.5887,0.5887,0.5887
295,0.5729,0.5729,0.5729,0.7785,0.7785,0.7785,0.6962,0.6962,0.6962,0.5257,0.5257,0.5257
296,0.5737,0.5737,0.5737,0.7723,0.7723,0.7723,0.7117,0.7117,0.7117,0.5492,0.5492,0.5492
297,0.6921,0.6921,0.6921,0.766,0.766,0.766,0.7173,0.7173,0.7173,0.5227,0.5227,0.5227
298,0.4276,0.4276,0.4276,0.7852,0.7852,0.7852,0.7163,0.7163,0.7163,0.5726,0.5726,0.5726
299,0.5934,0.5934,0.5934,0.7383,0.7383,0.7383,0.6835,0.6835,0.6835,0.4922,0.4922,0.4922
300,0.5717,0.5717,0.5717,0.7777,0.7777,0.7777,0.6982,0.6982,0.6982,0.5492,0.5492,0.5492
301,0.6229,0.6229,0.6229,0.7731,0.7731,0.7731,0.5875,0.5875,0.5875,0.4461,0.4461,0.4461
302,0.6345,0.6345,0.6345,0.7762,0.7762,0.7762,0.6532,0.6532,0.6532,0.5489,0.5489,0.5489
303,0.613,0.613,0.613,0.7718,0.7718,0.7718,0.6731,0.6731,0.6731,0.6907,0.6907,0.6907
304,0.5919,0.5919,0.5919,0.7949,0.7949,0.7949,0.6354,0.6354,0.6354,0.6028,0.6028,0.6028
305,0.654,0.654,0.654,0.7855,0.7855,0.7855,0.6876,0.6876,0.6876,0.6328,0.6328,0.6328
306,0.6539,0.6539,0.6539,0.7867,0.7867,0.7867,0.6668,0.6668,0.6668,0.6123,0.6123,0.6123
307,0.5602,0.5602,0.5602,0.7863,0.7863,0.7863,0.694,0.694,0.694,0.6513,0.6513,0.6513
308,0.6135,0.6135,0.6135,0.7859,0.7859,0.7859,0.703,0.703,0.703,0.6305,0.6305,0.6305
309,0.6032,0.6032,0.6032,0.8013,0.8013,0.8013,0.7077,0.7077,0.7077,0.6282,0.6282,0.6282
310,0.6181,0.6181,0.6181,0.8082,0.8082,0.8082,0.6764,0.6764,0.6764,0.5509,0.5509,0.5509
311,0.6345,0.6345,0.6345,0.803,0.803,0.803,0.6822,0.6822,0.6822,0.6423,0.6423,0.6423
312,0.6207,0.6207,0.6207,0.8072,0.8072,0.8072,0.6842,0.6842,0.6842,0.6635,0.6635,0.6635
313,0.6514,0.6514,0.6514,0.7748,0.7748,0.7748,0.6517,0.6517,0.6517,0.6459,0.6459,0.6459
314,0.6684,0.6684,0.6684,0.7864,0.7864,0.7864,0.6838,0.6838,0.6838,0.5918,0.5918,0.5918
315,0.5198,0.5198,0.5198,0.7661,0.7661,0.7661,0.7021,0.7021,0.7021,0.6083,0.6083,0.6083
316,0.6335,0.6335,0.6335,0.7534,0.7534,0.7534,0.6752,0.6752,0.6752,0.6173,0.6173,0.6173
317,0.6853,0.6853,0.6853,0.7529,0.7529,0.7529,0.7001,0.7001,0.7001,0.5358,0.5358,0.5358
318,0.587,0.587,0.587,0.7663,0.7663,0.7663,0.6878,0.6878,0.6878,0.6003,0.6003,0.6003
319,0.6025,0.6025,0.6025,0.7705,0.7705,0.7705,0.6389,0.6389,0.6389,0.5862,0.5862,0.5862
320,0.6622,0.6622,0.6622,0.7597,0.7597,0.7597,0.6842,0.6842,0.6842,0.5391,0.5391,0.5391
321,0.6365,0.6365,0.6365,0.78,0.78,0.78,0.6377,0.6377,0.6377,0.6444,0.6444,0.6444
322,0.5579,0.5579,0.5579,0.7659,0.7659,0.7659,0.6273,0.6273,0.6273,0.6112,0.6112,0.6112
323,0.64,0.64,0.64,0.6605,0.6605,0.6605,0.674,0.674,0.674,0.6892,0.6892,0.6892
324,0.6979,0.6979,0.6979,0.6752,0.6752,0.6752,0.6949,0.6949,0.6949,0.5552,0.5552,0.5552
325,0.5508,0.5508,0.5508,0.6666,0.6666,0.6666,0.7032,0.7032,0.7032,0.6507,0.6507,0.6507
326,0.6282,0.6282,0.6282,0.7797,0.7797,0.7797,0.6746,0.6746,0.6746,0.6371,0.6371,0.6371
327,0.5833,0.5833,0.5833,0.746,0.746,0.746,0.7118,0.7118,0.7118,0.5583,0.5583,0.5583
328,0.6112,0.6112,0.6112,0.7751,0.7751,0.7751,0.6206,0.6206,0.6206,0.54,0.54,0.54
329,0.6373,0.6373,0.6373,0.7746,0.7746,0.7746,0.6616,0.6616,0.6616,0.5971,0.5971,0.5971
330,0.5915,0.5915,0.5915,0.7806,0.7806,0.7806,0.7145,0.7145,0.7145,0.5583,0.5583,0.5583
331,0.6875,0.6875,0.6875,0.7724,0.7724,0.7724,0.6802,0.6802,0.6802,0.6147,0.6147,0.6147
332,0.587,0.587,0.587,0.7868,0.7868,0.7868,0.6579,0.6579,0.6579,0.6109,0.6109,0.6109
333,0.6075,0.6075,0.6075,0.7811,0.7811,0.7811,0.6966,0.6966,0.6966,0.5395,0.5395,0.5395
334,0.624,0.624,0.624,0.7717,0.7717,0.7717,0.6748,0.6748,0.6748,0.5688,0.5688,0.5688
335,0.6162,0.6162,0.6162,0.7754,0.7754,0.7754,0.7,0.7,0.7,0.4463,0.4463,0.4463
336,0.6244,0.6244,0.6244,0.7552,0.7552,0.7552,0.653,0.653,0.653,0.6318,0.6318,0.6318
337,0.5736,0.5736,0.5736,0.7706,0.7706,0.7706,0.6883,0.6883,0.6883,0.7141,0.7141,0.7141
338,0.6245,0.6245,0.6245,0.758,0.758,0.758,0.7078,0.7078,0.7078,0.6219,0.6219,0.6219
339,0.5453,0.5453,0.5453,0.8024,0.8024,0.8024,0.7069,0.7069,0.7069,0.6415,0.6415,0.6415
340,0.6603,0.6603,0.6603,0.786,0.786,0.786,0.7033,0.7033,0.7033,0.647,0.647,0.647
341,0.5861,0.5861,0.5861,0.7861,0.7861,0.7861,0.712,0.712,0.712,0.5127,0.5127,0.5127
342,0.5952,0.5952,0.5952,0.7797,0.7797,0.7797,0.6716,0.6716,0.6716,0.5387,0.5387,0.5387
343,0.6963,0.6963,0.6963,0.7742,0.7742,0.7742,0.7118,0.7118,0.7118,0.7062,0.7062,0.7062
344,0.64,0.64,0.64,0.8033,0.8033,0.8033,0.709,0.709,0.709,0.6112,0.6112,0.6112
345,0.6432,0.6432,0.6432,0.7418,0.7418,0.7418,0.6722,0.6722,0.6722,0.5888,0.5888,0.5888
346,0.6305,0.6305,0.6305,0.7566,0.7566,0.7566,0.6596,0.6596,0.6596,0.5811,0.5811,0.5811
347,0.6419,0.6419,0.6419,0.703,0.703,0.703,0.6458,0.6458,0.6458,0.6797,0.6797,0.6797
348,0.5308,0.5308,0.5308,0.7613,0.7613,0.7613,0.6867,0.6867,0.6867,0.6608,0.6608,0.6608
349,0.6217,0.6217,0.6217,0.7769,0.7769,0.7769,0.702,0.702,0.702,0.5962,0.5962,0.5962
350,0.5293,0.5293,0.5293,0.7766,0.7766,0.7766,0.7071,0.7071,0.7071,0.513,0.513,0.513
351,0.5889,0.5889,0.5889,0.7915,0.7915,0.7915,0.711,0.711,0.711,0.6313,0.6313,0.6313
352,0.5927,0.5927,0.5927,0.7679,0.7679,0.7679,0.6724,0.6724,0.6724,0.6448,0.6448,0.6448
353,0.6629,0.6629,0.6629,0.7641,0.7641,0.7641,0.7031,0.7031,0.7031,0.6361,0.6361,0.6361
354,0.5489,0.5489,0.5489,0.7934,0.7934,0.7934,0.7062,0.7062,0.7062,0.5369,0.5369,0.5369
355,0.5973,0.5973,0.5973,0.7721,0.7721,0.7721,0.6564,0.6564,0.6564,0.6182,0.6182,0.6182
356,0.5886,0.5886,0.5886,0.779,0.779,0.779,0.6491,0.6491,0.6491,0.6579,0.6579,0.6579
357,0.6552,0.6552,0.6552,0.7693,0.7693,0.7693,0.6801,0.6801,0.6801,0.5291,0.5291,0.5291
358,0.523,0.523,0.523,0.8075,0.8075,0.8075,0.6348,0.6348,0.6348,0.4916,0.4916,0.4916
359,0.6804,0.6804,0.6804,0.7802,0.7802,0.7802,0.6541,0.6541,0.6541,0.6331,0.6331,0.6331
360,0.5084,0.5084,0.5084,0.7776,0.7776,0.7776,0.6826,0.6826,0.6826,0.5171,0.5171,0.5171
361,0.7202,0.7202,0.7202,0.7403,0.7403,0.7403,0.6717,0.6717,0.6717,0.4865,0.4865,0.4865
362,0.557,0.557,0.557,0.8008,0.8008,0.8008,0.7195,0.7195,0.7195,0.6616,0.6616,0.6616
363,0.5441,0.5441,0.5441,0.7968,0.7968,0.7968,0.6825,0.6825,0.6825,0.6289,0.6289,0.6289
364,0.6727,0.6727,0.6727,0.7048,0.7048,0.7048,0.6917,0.6917,0.6917,0.627,0.627,0.627
365,0.5247,0.5247,0.5247,0.7557,0.7557,0.7557,0.6586,0.6586,0.6586,0.6089,0.6089,0.6089
366,0.6051,0.6051,0.6051,0.7718,0.7718,0.7718,0.6367,0.6367,0.6367,0.5331,0.5331,0.5331
367,0.6281,0.6281,0.6281,0.7577,0.7577,0.7577,0.6686,0.6686,0.6686,0.5678,0.5678,0.5678
368,0.6141,0.6141,0.6141,0.7218,0.7218,0.7218,0.6697,0.6697,0.6697,0.5801,0.5801,0.5801
369,0.5875,0.5875,0.5875,0.7694,0.7694,0.7694,0.6978,0.6978,0.6978,0.5385,0.5385,0.5385
370,0.6915,0.6915,0.6915,0.7601,0.7601,0.7601,0.6961,0.6961,0.6961,0.633,0.633,0.633
371,0.6718,0.6718,0.6718,0.7776,0.7776,0.7776,0.6793,0.6793,0.6793,0.6695,0.6695,0.6695
372,0.505,0.505,0.505,0.7545,0.7545,0.7545,0.7051,0.7051,0.7051,0.6755,0.6755,0.6755
373,0.6154,0.6154,0.6154,0.7752,0.7752,0.7752,0.7151,0.7151,0.7151,0.6255,0.6255,0.6255
374,0.5577,0.5577,0.5577,0.7819,0.7819,0.7819,0.7101,0.7101,0.7101,0.5259,0.5259,0.5259
375,0.5387,0.5387,0.5387,0.7825,0.7825,0.7825,0.7128,0.7128,0.7128,0.6121,0.6121,0.6121
376,0.5756,0.5756,0.5756,0.7824,0.7824,0.7824,0.7089,0.7089,0.7089,0.6296,0.6296,0.6296
377,0.5613,0.5613,0.5613,0.7746,0.7746,0.7746,0.6581,0.6581,0.6581,0.688,0.688,0.688
378,0.6727,0.6727,0.6727,0.7964,0.7964,0.7964,0.6851,0.6851,0.6851,0.6277,0.6277,0.6277
379,0.4951,0.4951,0.4951,0.7868,0.7868,0.7868,0.6368,0.6368,0.6368,0.6795,0.6795,0.6795
380,0.613,0.613,0.613,0.8129,0.8129,0.8129,0.6272,0.6272,0.6272,0.5718,0.5718,0.5718
381,0.6644,0.6644,0.6644,0.7952,0.7952,0.7952,0.6678,0.6678,0.6678,0.5346,0.5346,0.5346
382,0.5603,0.5603,0.5603,0.7897,0.7897,0.7897,0.6759,0.6759,0.6759,0.5454,0.5454,0.5454
383,0.6379,0.6379,0.6379,0.7684,0.7684,0.7684,0.6896,0.6896,0.6896,0.4895,0.4895,0.4895
384,0.6543,0.6543,0.6543,0.808,0.808,0.808,0.6475,0.6475,0.6475,0.5307,0.5307,0.5307
385,0.6657,0.6657,0.6657,0.7806,0.7806,0.7806,0.6961,0.6961,0.6961,0.6939,0.6939,0.6939
386,0.7012,0.7012,0.7012,0.7381,0.7381,0.7381,0.6978,0.6978,0.6978,0.6763,0.6763,0.6763
387,0.5264,0.5264,0.5264,0.7792,0.7792,0.7792,0.6985,0.6985,0.6985,0.5481,0.5481,0.5481
388,0.5459,0.5459,0.5459,0.7827,0.7827,0.7827,0.6544,0.6544,0.6544,0.6087,0.6087,0.6087
389,0.683,0.683,0.683,0.7758,0.7758,0.7758,0.6971,0.6971,0.6971,0.589,0.589,0.589
390,0.5122,0.5122,0.5122,0.7611,0.7611,0.7611,0.6409,0.6409,0.6409,0.6536,0.6536,0.6536
391,0.6211,0.6211,0.6211,0.7975,0.7975,0.7975,0.7068,0.7068,0.7068,0.5201,0.5201,0.5201
392,0.5108,0.5108,0.5108,0.7724,0.7724,0.7724,0.7139,0.7139,0.7139,0.6683,0.6683,0.6683
393,0.6641,0.6641,0.6641,0.8034,0.8034,0.8034,0.6895,0.6895,0.6895,0.6064,0.6064,0.6064
394,0.6009,0.6009,0.6009,0.7473,0.7473,0.7473,0.6794,0.6794,0.6794,0.6236,0.6236,0.6236
395,0.6015,0.6015,0.6015,0.727,0.727,0.727,0.6347,0.6347,0.6347,0.5642,0.5642,0.5642
396,0.5648,0.5648,0.5648,0.7802,0.7802,0.7802,0.6569,0.6569,0.6569,0.5361,0.5361,0.5361
397,0.5436,0.5436,0.5436,0.7647,0.7647,0.7647,0.6537,0.6537,0.6537,0.6855,0.6855,0.6855
398,0.6313,0.6313,0.6313,0.8088,0.8088,0.8088,0.6696,0.6696,0.6696,0.6713,0.6713,0.6713
399,0.5406,0.5406,0.5406,0.803,0.803,0.803,0.7148,0.7148,0.7148,0.5976,0.5976,0.5976
400,0.5696,0.5696,0.5696,0.7443,0.7443,0.7443,0.6623,0.6623,0.6623,0.6051,0.6051,0.6051
401,0.6476,0.6476,0.6476,0.7746,0.7746,0.7746,0.7119,0.7119,0.7119,0.6269,0.6269,0.6269
402,0.5929,0.5929,0.5929,0.744,0.744,0.744,0.6249,0.6249,0.6249,0.5685,0.5685,0.5685
403,0.6137,0.6137,0.6137,0.7487,0.7487,0.7487,0.6371,0.6371,0.6371,0.654,0.654,0.654
404,0.5476,0.5476,0.5476,0.7263,0.7263,0.7263,0.689,0.689,0.689,0.6444,0.6444,0.6444
405,0.6806,0.6806,0.6806,0.7912,0.7912,0.7912,0.6618,0.6618,0.6618,0.6615,0.6615,0.6615
406,0.5356,0.5356,0.5356,0.7595,0.7595,0.7595,0.7023,0.7023,0.7023,0.5594,0.5594,0.5594
407,0.6236,0.6236,0.6236,0.8099,0.8099,0.8099,0.6356,0.6356,0.6356,0.6017,0.6017,0.6017
408,0.5143,0.5143,0.5143,0.8044,0.8044,0.8044,0.6835,0.6835,0.6835,0.6161,0.6161,0.6161
409,0.6272,0.6272,0.6272,0.7489,0.7489,0.7489,0.6888,0.6888,0.6888,0.6107,0.6107,0.6107
410,0.574,0.574,0.574,0.7726,0.7726,0.7726,0.6702,0.6702,0.6702,0.6133,0.6133,0.6133
411,0.6255,0.6255,0.6255,0.7517,0.7517,0.7517,0.6898,0.6898,0.6898,0.6816,0.6816,0.6816
412,0.5501,0.5501,0.5501,0.7469,0.7469,0.7469,0.6741,0.6741,0.6741,0.6116,0.6116,0.6116
413,0.6444,0.6444,0.6444,0.7402,0.7402,0.7402,0.681,0.681,0.681,0.5954,0.5954,0.5954
414,0.6674,0.6674,0.6674,0.7463,0.7463,0.7463,0.7221,0.7221,0.7221,0.6438,0.6438,0.6438
415,0.6782,0.6782,0.6782,0.7277,0.7277,0.7277,0.7216,0.7216,0.7216,0.6216,0.6216,0.6216
416,0.5381,0.5381,0.5381,0.7442,0.7442,0.7442,0.7131,0.7131,0.7131,0.6306,0.6306,0.6306
417,0.5234,0.5234,0.5234,0.7166,0.7166,0.7166,0.7202,0.7202,0.7202,0.5759,0.5759,0.5759
418,0.6456,0.6456,0.6456,0.7672,0.7672,0.7672,0.7034,0.7034,0.7034,0.6418,0.6418,0.6418
419,0.5114,0.5114,0.5114,0.747,0.747,0.747,0.7128,0.7128,0.7128,0.5434,0.5434,0.5434
420,0.6244,0.6244,0.6244,0.7472,0.7472,0.7472,0.7085,0.7085,0.7085,0.5826,0.5826,0.5826
421,0.6761,0.6761,0.6761,0.7307,0.7307,0.7307,0.6222,0.6222,0.6222,0.6681,0.6681,0.6681
422,0.6732,0.6732,0.6732,0.7469,0.7469,0.7469,0.631,0.631,0.631,0.6254,0.6254,0.6254
423,0.5666,0.5666,0.5666,0.7381,0.7381,0.7381,0.7212,0.7212,0.7212,0.6143,0.6143,0.6143
424,0.6872,0.6872,0.6872,0.8052,0.8052,0.8052,0.6862,0.6862,0.6862,0.6824,0.6824,0.6824
425,0.5768,0.5768,0.5768,0.7744,0.7744,0.7744,0.7216,0.7216,0.7216,0.628,0.628,0.628
426,0.7045,0.7045,0.7045,0.7391,0.7391,0.7391,0.6975,0.6975,0.6975,0.5454,0.5454,0.5454
427,0.5435,0.5435,0.5435,0.7585,0.7585,0.7585,0.6983,0.6983,0.6983,0.6517,0.6517,0.6517
428,0.6043,0.6043,0.6043,0.7482,0.7482,0.7482,0.7165,0.7165,0.7165,0.5981,0.5981,0.5981
429,0.6338,0.6338,0.6338,0.7566,0.7566,0.7566,0.7082,0.7082,0.7082,0.7156,0.7156,0.7156
430,0.4845,0.4845,0.4845,0.7206,0.7206,0.7206,0.7137,0.7137,0.7137,0.6523,0.6523,0.6523
431,0.606,0.606,0.606,0.5722,0.5722,0.5722,0.7125,0.7125,0.7125,0.5323,0.5323,0.5323
432,0.5479,0.5479,0.5479,0.6571,0.6571,0.6571,0.6394,0.6394,0.6394,0.6887,0.6887,0.6887
433,0.6394,0.6394,0.6394,0.6773,0.6773,0.6773,0.6746,0.6746,0.6746,0.6737,0.6737,0.6737
434,0.5016,0.5016,0.5016,0.6738,0.6738,0.6738,0.6672,0.6672,0.6672,0.5829,0.5829,0.5829
435,0.6299,0.6299,0.6299,0.7688,0.7688,0.7688,0.6233,0.6233,0.6233,0.5677,0.5677,0.5677
436,0.5104,0.5104,0.5104,0.7807,0.7807,0.7807,0.6395,0.6395,0.6395,0.5677,0.5677,0.5677
437,0.6077,0.6077,0.6077,0.7766,0.7766,0.7766,0.6373,0.6373,0.6373,0.639,0.639,0.639
438,0.509,0.509,0.509,0.7515,0.7515,0.7515,0.6763,0.6763,0.6763,0.7017,0.7017,0.7017
439,0.5878,0.5878,0.5878,0.7788,0.7788,0.7788,0.7002,0.7002,0.7002,0.5892,0.5892,0.5892
440,0.5864,0.5864,0.5864,0.7587,0.7587,0.7587,0.7064,0.7064,0.7064,0.5888,0.5888,0.5888
441,0.6294,0.6294,0.6294,0.7964,0.7964,0.7964,0.7088,0.7088,0.7088,0.6155,0.6155,0.6155
442,0.5145,0.5145,0.5145,0.7913,0.7913,0.7913,0.7034,0.7034,0.7034,0.631,0.631,0.631
443,0.6585,0.6585,0.6585,0.7784,0.7784,0.7784,0.6954,0.6954,0.6954,0.7035,0.7035,0.7035
444,0.5967,0.5967,0.5967,0.7905,0.7905,0.7905,0.6839,0.6839,0.6839,0.6441,0.6441,0.6441
445,0.4022,0.4022,0.4022,0.7902,0.7902,0.7902,0.6814,0.6814,0.6814,0.6172,0.6172,0.6172
446,0.6431,0.6431,0.6431,0.7676,0.7676,0.7676,0.7007,0.7007,0.7007,0.5989,0.5989,0.5989
447,0.6313,0.6313,0.6313,0.7715,0.7715,0.7715,0.5877,0.5877,0.5877,0.5501,0.5501,0.5501
448,0.6493,0.6493,0.6493,0.748,0.748,0.748,0.6808,0.6808,0.6808,0.6175,0.6175,0.6175
449,0.5338,0.5338,0.5338,0.7602,0.7602,0.7602,0.6899,0.6899,0.6899,0.6539,0.6539,0.6539
450,0.5552,0.5552,0.5552,0.7337,0.7337,0.7337,0.7008,0.7008,0.7008,0.5331,0.5331,0.5331
451,0.5345,0.5345,0.5345,0.7596,0.7596,0.7596,0.7139,0.7139,0.7139,0.5683,0.5683,0.5683
452,0.5004,0.5004,0.5004,0.7513,0.7513,0.7513,0.6945,0.6945,0.6945,0.5502,0.5502,0.5502
453,0.6242,0.6242,0.6242,0.8091,0.8091,0.8091,0.7041,0.7041,0.7041,0.5028,0.5028,0.5028
454,0.622,0.622,0.622,0.7807,0.7807,0.7807,0.7164,0.7164,0.7164,0.4337,0.4337,0.4337
455,0.6189,0.6189,0.6189,0.7897,0.7897,0.7897,0.6802,0.6802,0.6802,0.6033,0.6033,0.6033
456,0.5747,0.5747,0.5747,0.7593,0.7593,0.7593,0.6878,0.6878,0.6878,0.5935,0.5935,0.5935
457,0.6652,0.6652,0.6652,0.798,0.798,0.798,0.7057,0.7057,0.7057,0.5871,0.5871,0.5871
458,0.5998,0.5998,0.5998,0.8004,0.8004,0.8004,0.7187,0.7187,0.7187,0.5671,0.5671,0.5671
459,0.4952,0.4952,0.4952,0.797,0.797,0.797,0.6918,0.6918,0.6918,0.6403,0.6403,0.6403
460,0.6156,0.6156,0.6156,0.7891,0.7891,0.7891,0.7089,0.7089,0.7089,0.6285,0.6285,0.6285
461,0.482,0.482,0.482,0.8062,0.8062,0.8062,0.7183,0.7183,0.7183,0.6093,0.6093,0.6093
462,0.6048,0.6048,0.6048,0.7831,0.7831,0.7831,0.5922,0.5922,0.5922,0.5652,0.5652,0.5652
463,0.5119,0.5119,0.5119,0.7211,0.7211,0.7211,0.6887,0.6887,0.6887,0.6294,0.6294,0.6294
464,0.6293,0.6293,0.6293,0.7904,0.7904,0.7904,0.6935,0.6935,0.6935,0.5998,0.5998,0.5998
465,0.5,0.5,0.5,0.7849,0.7849,0.7849,0.7041,0.7041,0.7041,0.6171,0.6171,0.6171
466,0.6572,0.6572,0.6572,0.8081,0.8081,0.8081,0.691,0.691,0.691,0.5645,0.5645,0.5645
467,0.678,0.678,0.678,0.7604,0.7604,0.7604,0.6818,0.6818,0.6818,0.6832,0.6832,0.6832
468,0.6313,0.6313,0.6313,0.7915,0.7915,0.7915,0.6952,0.6952,0.6952,0.5955,0.5955,0.5955
469,0.6202,0.6202,0.6202,0.7764,0.7764,0.7764,0.632,0.632,0.632,0.5833,0.5833,0.5833
470,0.5413,0.5413,0.5413,0.6964,0.6964,0.6964,0.6799,0.6799,0.6799,0.5914,0.5914,0.5914
471,0.6687,0.6687,0.6687,0.6912,0.6912,0.6912,0.6573,0.6573,0.6573,0.6241,0.6241,0.6241
472,0.7289,0.7289,0.7289,0.7616,0.7616,0.7616,0.6423,0.6423,0.6423,0.6097,0.6097,0.6097
473,0.578,0.578,0.578,0.7622,0.7622,0.7622,0.6496,0.6496,0.6496,0.6262,0.6262,0.6262
474,0.5514,0.5514,0.5514,0.7562,0.7562,0.7562,0.7125,0.7125,0.7125,0.6236,0.6236,0.6236
475,0.6041,0.6041,0.6041,0.7464,0.7464,0.7464,0.6376,0.6376,0.6376,0.684,0.684,0.684
476,0.6691,0.6691,0.6691,0.7824,0.7824,0.7824,0.694,0.694,0.694,0.6266,0.6266,0.6266
477,0.6524,0.6524,0.6524,0.7771,0.7771,0.7771,0.7076,0.7076,0.7076,0.6496,0.6496,0.6496
478,0.5396,0.5396,0.5396,0.7685,0.7685,0.7685,0.7144,0.7144,0.7144,0.573,0.573,0.573
479,0.6827,0.6827,0.6827,0.7684,0.7684,0.7684,0.6506,0.6506,0.6506,0.5383,0.5383,0.5383
480,0.551,0.551,0.551,0.8149,0.8149,0.8149,0.6847,0.6847,0.6847,0.5082,0.5082,0.5082
481,0.545,0.545,0.545,0.7721,0.7721,0.7721,0.6512,0.6512,0.6512,0.5993,0.5993,0.5993
482,0.6999,0.6999,0.6999,0.7768,0.7768,0.7768,0.6889,0.6889,0.6889,0.6362,0.6362,0.6362
483,0.6596,0.6596,0.6596,0.6915,0.6915,0.6915,0.6717,0.6717,0.6717,0.6451,0.6451,0.6451
484,0.6492,0.6492,0.6492,0.7934,0.7934,0.7934,0.6401,0.6401,0.6401,0.5904,0.5904,0.5904
485,0.6116,0.6116,0.6116,0.7859,0.7859,0.7859,0.6727,0.6727,0.6727,0.6469,0.6469,0.6469
486,0.5506,0.5506,0.5506,0.7583,0.7583,0.7583,0.683,0.683,0.683,0.5571,0.5571,0.5571
487,0.5737,0.5737,0.5737,0.8067,0.8067,0.8067,0.692,0.692,0.692,0.6456,0.6456,0.6456
488,0.4751,0.4751,0.4751,0.7731,0.7731,0.7731,0.7027,0.7027,0.7027,0.7144,0.7144,0.7144
489,0.6272,0.6272,0.6272,0.7425,0.7425,0.7425,0.6757,0.6757,0.6757,0.5304,0.5304,0.5304
490,0.5891,0.5891,0.5891,0.7865,0.7865,0.7865,0.6964,0.6964,0.6964,0.6463,0.6463,0.6463
491,0.6288,0.6288,0.6288,0.7827,0.7827,0.7827,0.6626,0.6626,0.6626,0.6009,0.6009,0.6009
492,0.5566,0.5566,0.5566,0.8088,0.8088,0.8088,0.6476,0.6476,0.6476,0.4935,0.4935,0.4935
493,0.5299,0.5299,0.5299,0.7878,0.7878,0.7878,0.6915,0.6915,0.6915,0.5501,0.5501,0.5501
494,0.6413,0.6413,0.6413,0.7582,0.7582,0.7582,0.6616,0.6616,0.6616,0.6275,0.6275,0.6275
495,0.5194,0.5194,0.5194,0.7713,0.7713,0.7713,0.7167,0.7167,0.7167,0.6705,0.6705,0.6705
496,0.6472,0.6472,0.6472,0.7745,0.7745,0.7745,0.663,0.663,0.663,0.6545,0.6545,0.6545
497,0.6031,0.6031,0.6031,0.7709,0.7709,0.7709,0.6927,0.6927,0.6927,0.6409,0.6409,0.6409
498,0.5048,0.5048,0.5048,0.817,0.817,0.817,0.7031,0.7031,0.7031,0.6715,0.6715,0.6715
499,0.5972,0.5972,0.5972,0.7587,0.7587,0.7587,0.7201,0.7201,0.7201,0.5148,0.5148,0.5148